{"flutter":{"platforms":{"android":{"default":{"projectId":"capstone-team4","appId":"1:408587343572:android:e78b49f7e5b7de7b360d41","fileOutput":"android/app/google-services.json"}},"dart":{"lib/firebase_options.dart":{"projectId":"capstone-team4","configurations":{"android":"1:408587343572:android:e78b49f7e5b7de7b360d41","ios":"1:408587343572:ios:f05af2ba114f6bda360d41","macos":"1:408587343572:ios:f05af2ba114f6bda360d41","web":"1:408587343572:web:0b222c29e889de64360d41","windows":"1:408587343572:web:e62929cd2cc9175e360d41"}}}}}}