{
  "project_info": {
    "project_number": "408587343572",
    "project_id": "capstone-team4",
    "storage_bucket": "capstone-team4.firebasestorage.app"
  },
  "client": [
    {
      "client_info": {
        "mobilesdk_app_id": "1:408587343572:android:e78b49f7e5b7de7b360d41",
        "android_client_info": {
          "package_name": "com.clk.team4.catculator"
        }
      },
      "oauth_client": [
        {
          "client_id": "408587343572-43emdud3015qe7b1ikhom7vlkl4pufij.apps.googleusercontent.com",
          "client_type": 1,
          "android_info": {
            "package_name": "com.clk.team4.catculator",
            "certificate_hash": "b45cbe207e1f6449fc9efe40c756e798978c040a"
          }
        },
        {
          "client_id": "408587343572-d4uabl1fsvgo8cfugv9p3k7qbb3043fp.apps.googleusercontent.com",
          "client_type": 3
        }
      ],
      "api_key": [
        {
          "current_key": "AIzaSyC_kWlYLSRT7W0rJHUttPWKpR3_0DaYTHE"
        }
      ],
      "services": {
        "appinvite_service": {
          "other_platform_oauth_client": [
            {
              "client_id": "408587343572-cttp34mv6ke82udfd4vogsgfee6ipoda.apps.googleusercontent.com",
              "client_type": 3
            },
            {
              "client_id": "408587343572-0ml2f88cgj72cdrbuk8413n5tu8os2fs.apps.googleusercontent.com",
              "client_type": 2,
              "ios_info": {
                "bundle_id": "com.clk.team4.catculator"
              }
            }
          ]
        }
      }
    }
  ],
  "configuration_version": "1"
}